model,tuning_parameter,accuracy,kappa,accuracy_sd,kappa_sd
Multinomial logistic regression,decay=0,0.8906382,0.8721758,0.01925358,0.02252131
Multinomial logistic regression,decay=0.0001,0.8920647,0.8738213,0.02041788,0.02388518
Multinomial logistic regression,decay=0.1,0.8906249,0.8720713,0.01512114,0.01770718
LDA,none,0.8667520,0.8442773,0.01306849,0.01529797
KNN,k=5,0.7340717,0.6874032,0.016439818,0.019316205
KNN,k=7,0.7444716,0.6995029,0.011890371,0.013988897
KNN,k=9,0.7428519,0.6974289,0.007631033,0.009197986
KNN scaled,k=5,0.8757163,0.8545122,0.01064972,0.01247038
KNN scaled,k=7,0.8753211,0.8539782,0.01233581,0.01437936
KNN scaled,k=9,0.8755277,0.8542036,0.01462732,0.01707745
